,description,name,price,img,size,color,composition,care,primary_thumbnail
0,베이지 컬러 토트백. 애니멀 패턴 디자인. 매듭 디테일이 매치된 양 옆면 맞주름 디자인. 손잡이 디테일. 길이 조절과 탈부착이 가능한 숄더 스트랩. 자석으로 여밈. 세로 x 가로 x 폭: 18.5 x 29.5 x 12.2cm,애니멀 프린트 미디엄 토트백,"39,000 원","['//static.zara.net/photos///2020/V/1/1/p/6005/510/102/3/w/560/6005510102_1_1_1.jpg?ts=1579874302383', '//static.zara.net/photos///2020/V/1/1/p/6005/510/102/3/w/560/6005510102_2_1_1.jpg?ts=1579871519654', '//static.zara.net/photos///2020/V/1/1/p/6005/510/102/3/w/560/6005510102_2_2_1.jpg?ts=1579871496878', '//static.zara.net/photos///2020/V/1/1/p/6005/510/102/3/w/560/6005510102_2_3_1.jpg?ts=1579871504641', '//static.zara.net/photos///2020/V/1/1/p/6005/510/102/3/w/560/6005510102_2_4_1.jpg?ts=1579871533988', '//static.zara.net/photos///2020/V/1/1/p/6005/510/102/3/w/560/6005510102_2_5_1.jpg?ts=1579871482689', '//static.zara.net/photos///2020/V/1/1/p/6005/510/102/3/w/560/6005510102_2_15_1.jpg?ts=1582127806838']",['M '],베이지,"[{'겉감': '100% 폴리우레탄'}, {'안감': '100% 폴리에스터'}]","['세탁 금지', '표백제 사용 금지', '다리미질 금지', '드라이 클리닝 금지', '건조기 사용 금지']",//static.zara.net/photos///2020/V/1/1/p/6005/510/102/3/cb-0-0-4176-3072-Center/w/1173/6005510102_2_15_1.jpg?ts=1582128656482
1,내추럴한 가죽 컬러의 쇼퍼백. 애니멀 패턴 디자인. 매듭 디테일이 매치된 양 옆면 맞주름 디자인. 상단 숄더 스트랩. 길이 조절과 탈부착이 가능한 보조 숄더 스트랩. 애니멀 프린트 내부 포켓. 자석으로 여밈. 세로 x 가로 x 폭: 28.5 x 45.5 x 14cm,애니멀 프린트 맥시 쇼퍼백,"49,000 원","['//static.zara.net/photos///2020/V/1/1/p/6004/510/105/2/w/560/6004510105_1_1_1.jpg?ts=1580380825619', '//static.zara.net/photos///2020/V/1/1/p/6004/510/105/2/w/560/6004510105_2_1_1.jpg?ts=1580203919324', '//static.zara.net/photos///2020/V/1/1/p/6004/510/105/2/w/560/6004510105_2_2_1.jpg?ts=1580203907924', '//static.zara.net/photos///2020/V/1/1/p/6004/510/105/2/w/560/6004510105_2_3_1.jpg?ts=1580203895284', '//static.zara.net/photos///2020/V/1/1/p/6004/510/105/2/w/560/6004510105_2_4_1.jpg?ts=1580203906221']",['M '],천연 가죽 컬러,"[{'겉감': '100% 폴리우레탄'}, {'안감': '100% 폴리에스터'}]","['세탁 금지', '표백제 사용 금지', '다리미질 금지', '드라이 클리닝 금지', '건조기 사용 금지']",//static.zara.net/photos///2020/V/1/1/p/6004/510/105/2/w/581/6004510105_1_1_1.jpg?ts=1580380825619
2,"컬러가 매치된 박스 스타일 크로스백. 다른 모양, 텍스처와 소재의 비즈로 장식된 하드 디자인. 하단 프린지 디테일. 체인 숄더 스트랩. 내부 안감 처리. 메탈 클래스프 여밈. 세로 x 가로 x 폭: 10.8 x 16.5 x 6cm",프린지 비즈 디테일 박스 크로스백,"79,000 원","['//static.zara.net/photos///2020/V/1/1/p/5654/510/202/3/w/560/5654510202_1_1_1.jpg?ts=1580473853269', '//static.zara.net/photos///2020/V/1/1/p/5654/510/202/3/w/560/5654510202_2_1_1.jpg?ts=1580473962154', '//static.zara.net/photos///2020/V/1/1/p/5654/510/202/3/w/560/5654510202_2_2_1.jpg?ts=1580473928018', '//static.zara.net/photos///2020/V/1/1/p/5654/510/202/3/w/560/5654510202_2_3_1.jpg?ts=1580473834416', '//static.zara.net/photos///2020/V/1/1/p/5654/510/202/3/w/560/5654510202_2_4_1.jpg?ts=1580473916856', '//static.zara.net/photos///2020/V/1/1/p/5654/510/202/3/w/560/5654510202_2_5_1.jpg?ts=1580473937685', '//static.zara.net/photos///2020/V/1/1/p/5654/510/202/3/w/560/5654510202_2_15_1.jpg?ts=1582127773962']",['M '],콤비,"[{'겉감': '주요소재100% 폴리에스터'}, {'안감': '부소재100% 종이'}, {'* 입체장식 제외': '디테일100% 비스코스'}]","['세탁 금지', '표백제 사용 금지', '다리미질 금지', '드라이 클리닝 금지', '건조기 사용 금지']",//static.zara.net/photos///2020/V/1/1/p/5654/510/202/3/w/581/5654510202_2_15_1.jpg?ts=1582127773962
3,화이트 컬러 버킷백 스타일 가방. 그레인 마감. 매듭 디테일 튜브 숄더 스트랩. 내부 안감 처리. 자석으로 여밈. 세로 x 가로 x 폭: 35 x 20 x 8cm,매듭 버킷백,"39,000 원","['//static.zara.net/photos///2020/V/1/1/p/6809/510/001/2/w/560/6809510001_1_1_1.jpg?ts=1582275982009', '//static.zara.net/photos///2020/V/1/1/p/6809/510/001/2/w/560/6809510001_2_1_1.jpg?ts=1582276079515', '//static.zara.net/photos///2020/V/1/1/p/6809/510/001/2/w/560/6809510001_2_2_1.jpg?ts=1582276069978', '//static.zara.net/photos///2020/V/1/1/p/6809/510/001/2/w/560/6809510001_2_3_1.jpg?ts=1582276087109', '//static.zara.net/photos///2020/V/1/1/p/6809/510/001/2/w/560/6809510001_2_4_1.jpg?ts=1582276087683']",['M '],화이트,"[{'겉감': '100% 폴리우레탄'}, {'안감': '100% 폴리에스터'}]","['세탁 금지', '표백제 사용 금지', '다리미질 금지', '드라이 클리닝 금지', '건조기 사용 금지']",//static.zara.net/photos///2020/V/1/1/p/6809/510/001/2/w/581/6809510001_1_1_1.jpg?ts=1582275982009
4,블랙과 핑크 컬러 중 선택이 가능한 미니 시티백. 컬러 배색된 스티치 디테일이 매치된 스트랩과 전체 디자인. 둥근 손잡이. 길이 조절이 가능한 숄더 스트랩. 포켓이 달린 내부 안감. 지퍼 여밈. 세로 x 가로 x 폭: 14.5 x 21 x 7cm,라운드 스트랩 미니 토트백,"39,000 원","['//static.zara.net/photos///2020/V/1/1/p/7608/510/050/2/w/560/7608510050_1_1_1.jpg?ts=1582016043497', '//static.zara.net/photos///2020/V/1/1/p/7608/510/050/2/w/560/7608510050_2_1_1.jpg?ts=1582016082646', '//static.zara.net/photos///2020/V/1/1/p/7608/510/050/2/w/560/7608510050_2_2_1.jpg?ts=1582016045280', '//static.zara.net/photos///2020/V/1/1/p/7608/510/050/2/w/560/7608510050_2_3_1.jpg?ts=1582016066303', '//static.zara.net/photos///2020/V/1/1/p/7608/510/050/2/w/560/7608510050_2_4_1.jpg?ts=1582016062443', '//static.zara.net/photos///2020/V/1/1/p/7608/510/050/2/w/560/7608510050_2_5_1.jpg?ts=1582016067356', '//static.zara.net/photos///2020/V/1/1/p/7608/510/050/3/w/560/7608510050_2_15_1.jpg?ts=1582279365095']",['M '],핑크,"[{'겉감': '100% 폴리우레탄'}, {'안감': '100% 폴리에스터'}]","['세탁 금지', '표백제 사용 금지', '다리미질 금지', '드라이 클리닝 금지', '건조기 사용 금지']",//static.zara.net/photos///2020/V/1/1/p/7608/510/050/3/cb-0-0-4176-3072-Center/w/1173/7608510050_2_15_1.jpg?ts=1582282136384
5,블랙과 핑크 컬러 중 선택이 가능한 미니 시티백. 컬러 배색된 스티치 디테일이 매치된 스트랩과 전체 디자인. 둥근 손잡이. 길이 조절이 가능한 숄더 스트랩. 포켓이 달린 내부 안감. 지퍼 여밈. 세로 x 가로 x 폭: 14.5 x 21 x 7cm,라운드 스트랩 미니 토트백,"39,000 원","['//static.zara.net/photos///2020/V/1/1/p/7607/510/040/2/w/560/7607510040_1_1_1.jpg?ts=1579612440470', '//static.zara.net/photos///2020/V/1/1/p/7607/510/040/2/w/560/7607510040_2_1_1.jpg?ts=1579609652461', '//static.zara.net/photos///2020/V/1/1/p/7607/510/040/2/w/560/7607510040_2_2_1.jpg?ts=1579609622806', '//static.zara.net/photos///2020/V/1/1/p/7607/510/040/2/w/560/7607510040_2_3_1.jpg?ts=1579609645024', '//static.zara.net/photos///2020/V/1/1/p/7607/510/040/2/w/560/7607510040_2_4_1.jpg?ts=1579609637951', '//static.zara.net/photos///2020/V/1/1/p/7607/510/040/2/w/560/7607510040_2_5_1.jpg?ts=1579609659821']",['M '],블랙,"[{'겉감': '100% 폴리우레탄'}, {'안감': '100% 폴리에스터'}]","['세탁 금지', '표백제 사용 금지', '다리미질 금지', '드라이 클리닝 금지', '건조기 사용 금지']",//static.zara.net/photos///2020/V/1/1/p/7607/510/040/2/w/581/7607510040_1_1_1.jpg?ts=1579612440470
6,블랙 컬러 휴대폰 케이스 크로스백. 구슬로 마감된 전체 디자인. 비즈 디테일 체인 숄더 스트랩. 플랩으로 여밈. 세로 x 가로 x 폭: 16 x 10 x 1cm,비즈 디테일 스마트폰 크로스백,"49,000 원","['//static.zara.net/photos///2020/V/1/1/p/6617/510/040/2/w/560/6617510040_1_1_1.jpg?ts=1582045325324', '//static.zara.net/photos///2020/V/1/1/p/6617/510/040/2/w/560/6617510040_2_1_1.jpg?ts=1582045420037', '//static.zara.net/photos///2020/V/1/1/p/6617/510/040/2/w/560/6617510040_2_2_1.jpg?ts=1582045364628', '//static.zara.net/photos///2020/V/1/1/p/6617/510/040/2/w/560/6617510040_2_3_1.jpg?ts=1582045363456', '//static.zara.net/photos///2020/V/1/1/p/6617/510/040/2/w/560/6617510040_2_4_1.jpg?ts=1582045374418', '//static.zara.net/photos///2020/V/1/1/p/6617/510/040/3/w/560/6617510040_2_15_1.jpg?ts=1582128009391']",['M '],블랙,"[{'겉감': '주소재100% 폴리메틸메타크릴레이트'}, {'* 입체장식 제외': '긴 손잡이100% 철'}]","['세탁 금지', '표백제 사용 금지', '다리미질 금지', '드라이 클리닝 금지', '건조기 사용 금지']",//static.zara.net/photos///2020/V/1/1/p/6617/510/040/3/cb-0-0-4176-3072-Center/w/1173/6617510040_2_15_1.jpg?ts=1582128637513
7,크림 컬러의 박스백 스타일 핸드백. 다양한 크기의 진주 장식이 달린 대리석 이펙트 디자인. 체인 숄더 스트랩. 내부 안감 처리. 자석으로 여밈. 세로 x 가로 x 폭: 11 x 16 x 5cm,펄 박스백-핸드백,"59,000 원","['//static.zara.net/photos///2020/V/1/1/p/5655/510/002/3/w/560/5655510002_1_1_1.jpg?ts=1574933533521', '//static.zara.net/photos///2020/V/1/1/p/5655/510/002/3/w/560/5655510002_2_1_1.jpg?ts=1574933505839', '//static.zara.net/photos///2020/V/1/1/p/5655/510/002/3/w/560/5655510002_2_2_1.jpg?ts=1574933601569', '//static.zara.net/photos///2020/V/1/1/p/5655/510/002/3/w/560/5655510002_2_3_1.jpg?ts=1574933567402', '//static.zara.net/photos///2020/V/1/1/p/5655/510/002/3/w/560/5655510002_2_4_1.jpg?ts=1574933588179', '//static.zara.net/photos///2020/V/1/1/p/5655/510/002/3/w/560/5655510002_2_5_1.jpg?ts=1574933581357', '//static.zara.net/photos///2020/V/1/1/p/5655/510/002/3/w/560/5655510002_2_15_1.jpg?ts=1582127771932']",['M '],크림,"[{'겉감': '주소재100% 폴리메틸메타크릴레이트'}, {'안감': '긴 손잡이100% 철'}, {'* 입체장식 제외': ''}]","['세탁 금지', '표백제 사용 금지', '다리미질 금지', '드라이 클리닝 금지', '건조기 사용 금지']",//static.zara.net/photos///2020/V/1/1/p/5655/510/002/3/cb-0-0-4176-3072-Center/w/1173/5655510002_2_15_1.jpg?ts=1582128622767
8,화이트 컬러 버킷백 스타일 가방. 진주가 달린 손잡이와 전체 디자인. 진주가 달린 앞부분 플라워 아플리케 디테일. 세로 x 가로 x 폭: 19.5 x 17.5 x 1.3cm,펄 버킷백,"59,000 원","['//static.zara.net/photos///2019/I/1/1/p/7606/510/001/2/w/560/7606510001_2_1_1.jpg?ts=1573033526451', '//static.zara.net/photos///2019/I/1/1/p/7606/510/001/2/w/560/7606510001_1_1_1.jpg?ts=1573033526565', '//static.zara.net/photos///2019/I/1/1/p/7606/510/001/2/w/560/7606510001_2_2_1.jpg?ts=1573033548714', '//static.zara.net/photos///2019/I/1/1/p/7606/510/001/2/w/560/7606510001_2_3_1.jpg?ts=1573033535433', '//static.zara.net/photos///2019/I/1/1/p/7606/510/001/2/w/560/7606510001_2_4_1.jpg?ts=1573033541992']",['M '],화이트,"[{'겉감': '100% ABS 수지'}, {'겉감': '100% ABS 수지'}, {'caution': '* 입체장식 제외'}]","['세탁 금지', '표백제 사용 금지', '다리미질 금지', '드라이 클리닝 금지', '건조기 사용 금지']",//static.zara.net/photos///2019/I/1/1/p/7606/510/001/2/w/581/7606510001_1_1_1.jpg?ts=1573033526565
9,레드 컬러 가죽 크로스백. 패딩 마감 가죽 소재 디자인. 지퍼로 여미는 앞면 포켓. 풀탭 부분 테슬 디테일. 길이 조절과 탈부착이 가능한 숄더 스트랩. 지퍼로 여미는 포켓이 있는 내부 안감. 지퍼 여밈. 세로 x 가로 x 폭: 13.5 x 22 x 5.5cm,퀼티드 레더 크로스백,"99,000 원","['//static.zara.net/photos///2020/V/1/1/p/6397/510/020/4/w/560/6397510020_1_1_1.jpg?ts=1581940092659', '//static.zara.net/photos///2020/V/1/1/p/6397/510/020/4/w/560/6397510020_2_1_1.jpg?ts=1581940130928', '//static.zara.net/photos///2020/V/1/1/p/6397/510/020/4/w/560/6397510020_2_2_1.jpg?ts=1581940116445', '//static.zara.net/photos///2020/V/1/1/p/6397/510/020/4/w/560/6397510020_2_3_1.jpg?ts=1581940121323', '//static.zara.net/photos///2020/V/1/1/p/6397/510/020/4/w/560/6397510020_2_4_1.jpg?ts=1581940133797']",['M '],레드,"[{'겉감': '100% 양가죽'}, {'안감': '100% 폴리에스터'}, {'충전재': '100% 폴리우레탄'}]","['세탁 금지', '표백제 사용 금지', '다리미질 금지', '드라이 클리닝 금지', '건조기 사용 금지']",//static.zara.net/photos///2020/V/1/1/p/6397/510/020/4/w/1173/6397510020_9_1_1.jpg?ts=1582128313524
10,블랙 컬러 버킷백. 기능성 소재. 양 옆면 메시지와 손잡이 디테일. 탈부착 가능한 손잡이. 소재가 매치된 체인 숄더 스트랩. 내부 안감. 자석과 컬러로 배색된 네온 끈으로 드로스트링 여밈. 세로 x 가로 x 폭: 18 x 15.5 x 11cm,하이테크 메시지 버킷백,"39,000 원","['//static.zara.net/photos///2019/I/1/1/p/7802/510/040/3/w/560/7802510040_1_1_1.jpg?ts=1571328693078', '//static.zara.net/photos///2019/I/1/1/p/7802/510/040/3/w/560/7802510040_2_1_1.jpg?ts=1571328776045', '//static.zara.net/photos///2019/I/1/1/p/7802/510/040/3/w/560/7802510040_2_2_1.jpg?ts=1571328769581', '//static.zara.net/photos///2019/I/1/1/p/7802/510/040/3/w/560/7802510040_2_3_1.jpg?ts=1571328763393', '//static.zara.net/photos///2019/I/1/1/p/7802/510/040/3/w/560/7802510040_2_4_1.jpg?ts=1571329165705', '//static.zara.net/photos///2019/I/1/1/p/7802/510/040/3/w/560/7802510040_2_15_1.jpg?ts=1571821069542', '//static.zara.net/photos///2019/I/1/1/p/7802/510/040/3/w/560/7802510040_2_16_1.jpg?ts=1571821062491']",['M '],블랙,"[{'겉감': '주요소재92% 폴리에스터,8% 폴리우레탄 섬유'}, {'안감': '부소재100% 폴리에스터'}, {'* 입체장식 제외': '가방 손잡이70% 폴리에스터,30% 폴리우레탄'}]","['세탁 금지', '표백제 사용 금지', '다리미질 금지', '드라이 클리닝 금지', '건조기 사용 금지']",//static.zara.net/photos///2019/I/1/1/p/7802/510/040/3/w/1173/7802510040_9_1_1.jpg?ts=1571837404769
11,블랙 컬러 미니 버킷백. 기능성 소재의 패딩 디자인. 텍스트 마감 내부로 연결된 옆면 지퍼. 텍스트 마감 손잡이. 여러 소재가 매치된 탈부착 가능한 체인 숄더 스트랩. 내부 안감 처리. 금속 아일렛과 컬러 디테일이 매치된 드로스트링 여밈. 세로 x 가로 x 폭: 18 x 16 x 11.5cm,스포츠 패딩 미니 버킷백,"39,000 원","['//static.zara.net/photos///2019/I/1/1/p/7811/004/040/2/w/560/7811004040_2_1_1.jpg?ts=1568280550724', '//static.zara.net/photos///2019/I/1/1/p/7811/004/040/2/w/560/7811004040_1_1_1.jpg?ts=1568280546940', '//static.zara.net/photos///2019/I/1/1/p/7811/004/040/2/w/560/7811004040_2_3_1.jpg?ts=1568278268115', '//static.zara.net/photos///2019/I/1/1/p/7811/004/040/2/w/560/7811004040_2_4_1.jpg?ts=1568280544148', '//static.zara.net/photos///2019/I/1/1/p/7811/004/040/2/w/560/7811004040_2_5_1.jpg?ts=1568278325243', '//static.zara.net/photos///2019/I/1/1/p/7811/004/040/2/w/560/7811004040_2_2_1.jpg?ts=1568280544485']",['M '],블랙,"[{'겉감': '주요소재84% 나일론,16% 엘라스탄'}, {'안감': '가방 손잡이50% 나일론,50% 폴리에스터'}, {'충전재': '긴 손잡이60% 폴리우레탄,40% 철'}, {'* 입체장식 제외': ''}]","['세탁 금지', '표백제 사용 금지', '다리미질 금지', '드라이 클리닝 금지', '건조기 사용 금지']",//static.zara.net/photos///2019/I/1/1/p/7811/004/040/2/w/581/7811004040_1_1_1.jpg?ts=1568280546940
12,컬러가 매치된 크로스백. 유니콘 모양의 이리데센트 디자인. 컬러로 배색된 길이 조절 및 탈부착이 가능한 숄더 스트랩. 안감 처리된 뒷면 포켓. 지퍼 여밈. 세로 x 가로 x 폭: 22 x 16 x 9cm,이리데센트 유니콘 크로스백,"39,000 원","['//static.zara.net/photos///2020/V/1/1/p/6868/510/202/2/w/560/6868510202_1_1_1.jpg?ts=1577352606307', '//static.zara.net/photos///2020/V/1/1/p/6868/510/202/2/w/560/6868510202_2_1_1.jpg?ts=1577352631958', '//static.zara.net/photos///2020/V/1/1/p/6868/510/202/2/w/560/6868510202_2_2_1.jpg?ts=1577352625621', '//static.zara.net/photos///2020/V/1/1/p/6868/510/202/2/w/560/6868510202_2_3_1.jpg?ts=1577352604630', '//static.zara.net/photos///2020/V/1/1/p/6868/510/202/2/w/560/6868510202_2_4_1.jpg?ts=1577352639863']",['M '],콤비,"[{'겉감': '주소재100% 폴리우레탄'}, {'안감': '긴 손잡이100% 폴리프로필렌 섬유'}, {'충전재': ''}]","['세탁 금지', '표백제 사용 금지', '다리미질 금지', '드라이 클리닝 금지', '건조기 사용 금지']",//static.zara.net/photos///2020/V/1/1/p/6868/510/202/2/w/581/6868510202_1_1_1.jpg?ts=1577352606307
13,블루와 베이지 컬러 중 선택이 가능한 버킷백. 배색된 컬러의 파이핑과 상단 부분에 셔링 디테일이 매치된 플리츠 마감 디자인. 손잡이 디테일. 길이 조절과 탈부착이 가능한 숄더 스트랩. 내부 안감 처리. 자석으로 여밈. 세로 x 가로 x 폭: 28 x 23.5 x 9.7cm,플리츠 버킷백,"39,000 원","['//static.zara.net/photos///2020/V/1/1/p/6452/510/009/2/w/560/6452510009_1_1_1.jpg?ts=1580128963387', '//static.zara.net/photos///2020/V/1/1/p/6452/510/009/2/w/560/6452510009_2_1_1.jpg?ts=1579604873811', '//static.zara.net/photos///2020/V/1/1/p/6452/510/009/2/w/560/6452510009_2_2_1.jpg?ts=1579604815581', '//static.zara.net/photos///2020/V/1/1/p/6452/510/009/2/w/560/6452510009_2_3_1.jpg?ts=1579604895385', '//static.zara.net/photos///2020/V/1/1/p/6452/510/009/2/w/560/6452510009_2_4_1.jpg?ts=1579604881135', '//static.zara.net/photos///2020/V/1/1/p/6452/510/009/2/w/560/6452510009_2_5_1.jpg?ts=1579604859308']",['M '],블루,"[{'겉감': '100% 폴리우레탄'}, {'안감': '100% 폴리에스터'}]","['세탁 금지', '표백제 사용 금지', '다리미질 금지', '드라이 클리닝 금지', '건조기 사용 금지']",//static.zara.net/photos///2020/V/1/1/p/6452/510/009/2/w/581/6452510009_1_1_1.jpg?ts=1580128963387
14,블루와 베이지 컬러 중 선택이 가능한 버킷백. 배색된 컬러의 파이핑과 상단 부분에 셔링 디테일이 매치된 플리츠 마감 디자인. 손잡이 디테일. 길이 조절과 탈부착이 가능한 숄더 스트랩. 내부 안감 처리. 자석으로 여밈. 세로 x 가로 x 폭: 28 x 23.5 x 9.7cm,플리츠 버킷백,"39,000 원","['//static.zara.net/photos///2020/V/1/1/p/6450/510/102/2/w/560/6450510102_1_1_1.jpg?ts=1579603898077', '//static.zara.net/photos///2020/V/1/1/p/6450/510/102/2/w/560/6450510102_2_1_1.jpg?ts=1579604631503', '//static.zara.net/photos///2020/V/1/1/p/6450/510/102/2/w/560/6450510102_2_2_1.jpg?ts=1579604727339', '//static.zara.net/photos///2020/V/1/1/p/6450/510/102/2/w/560/6450510102_2_3_1.jpg?ts=1579604742358', '//static.zara.net/photos///2020/V/1/1/p/6450/510/102/2/w/560/6450510102_2_4_1.jpg?ts=1579604749478', '//static.zara.net/photos///2020/V/1/1/p/6450/510/102/2/w/560/6450510102_2_5_1.jpg?ts=1579604741822']",['M '],베이지,"[{'겉감': '100% 폴리우레탄'}, {'안감': '100% 폴리에스터'}]","['세탁 금지', '표백제 사용 금지', '다리미질 금지', '드라이 클리닝 금지', '건조기 사용 금지']",//static.zara.net/photos///2020/V/1/1/p/6450/510/102/2/w/581/6450510102_1_1_1.jpg?ts=1579603898077
15,"블랙 컬러 크로스백. 기하학적 모양의 스티치가 매치된 부드러운 마감. 금속 피스, 빈티지 마감 실버 컬러 체인과 Mickey Mouse ©DISNEY 프린트가 매치된 플랩 디자인. 여러 소재가 매치된 멀티 포지션 체인 숄더 스트랩. Mickey Mouse ©DISNEY 프린트 소재 내부 안감. 세 개의 수납공간이 있고 그중 하나는 지퍼로 여밈. 자석으로 여밈.  세로 x 가로 x 폭: 19 x 24.5 x 9cm",MICKEY MOUSE ©DISNEY 소프트 록 크로스백,"59,000 원","['//static.zara.net/photos///2020/V/1/1/p/6869/510/040/2/w/560/6869510040_2_1_1.jpg?ts=1577117238089', '//static.zara.net/photos///2020/V/1/1/p/6869/510/040/2/w/560/6869510040_1_1_1.jpg?ts=1577117154183', '//static.zara.net/photos///2020/V/1/1/p/6869/510/040/2/w/560/6869510040_2_2_1.jpg?ts=1577117237739', '//static.zara.net/photos///2020/V/1/1/p/6869/510/040/2/w/560/6869510040_2_3_1.jpg?ts=1577117216663', '//static.zara.net/photos///2020/V/1/1/p/6869/510/040/2/w/560/6869510040_2_4_1.jpg?ts=1577117232651']",['M '],블랙,"[{'겉감': '주소재100% 폴리우레탄'}, {'안감': '긴 손잡이80% 철,20% 폴리우레탄'}, {'* 입체장식 제외': ''}]","['세탁 금지', '표백제 사용 금지', '다리미질 금지', '드라이 클리닝 금지', '건조기 사용 금지']",//static.zara.net/photos///2020/V/1/1/p/6869/510/040/2/w/581/6869510040_1_1_1.jpg?ts=1577117154183
16,블랙 컬러 크로스백. 메탈 버클이 달린 플랩 부분 스트랩 디테일. 짧은 길이의 숄더 스트랩. 길이 조절과 탈부착이 가능한 긴 숄더 스트랩. 내부 안감 처리. 자석으로 여밈.  세로 x 가로 x 폭: 14 x 26 x 7cm,버클 크로스백,"49,000 원","['//static.zara.net/photos///2019/I/1/1/p/6364/004/040/2/w/560/6364004040_2_1_1.jpg?ts=1563891255707', '//static.zara.net/photos///2019/I/1/1/p/6364/004/040/2/w/560/6364004040_1_1_1.jpg?ts=1564408297928', '//static.zara.net/photos///2019/I/1/1/p/6364/004/040/2/w/560/6364004040_2_3_1.jpg?ts=1563891353273', '//static.zara.net/photos///2019/I/1/1/p/6364/004/040/2/w/560/6364004040_2_2_1.jpg?ts=1563891303984', '//static.zara.net/photos///2019/I/1/1/p/6364/004/040/2/w/560/6364004040_2_4_1.jpg?ts=1563891390058', '//static.zara.net/photos///2019/I/1/1/p/6364/004/040/2/w/560/6364004040_2_5_1.jpg?ts=1563891427906']",['M '],블랙,"[{'겉감': '100% 폴리우레탄'}, {'안감': '100% 폴리에스터'}]","['세탁 금지', '표백제 사용 금지', '다리미질 금지', '드라이 클리닝 금지', '건조기 사용 금지', '장식품은 세탁할 수 없습니다']",//static.zara.net/photos///2019/I/1/1/p/6364/004/040/2/w/1173/6364004040_9_2_1.jpg?ts=1566468640423
17,"크림, 버건디, 블랙 컬러 중 선택이 가능한 크로스백. 기하학적 모양의 스티치가 매치된 부드러운 마감. 손잡이 디테일. 소재가 매치된 체인 숄더 스트랩. 내부 안감 처리. 빈티지 마감 실버 톤 메탈 피스가 매치된 플랩과 자석으로 여밈. 세로 x 가로 x 폭: 13 x 21.5 x 3cm",소프트 록 지갑 크로스백,"59,000 원","['//static.zara.net/photos///2020/V/1/1/p/6657/510/022/3/w/560/6657510022_2_1_1.jpg?ts=1576757163565', '//static.zara.net/photos///2020/V/1/1/p/6657/510/022/3/w/560/6657510022_1_1_1.jpg?ts=1576757131098', '//static.zara.net/photos///2020/V/1/1/p/6657/510/022/3/w/560/6657510022_2_2_1.jpg?ts=1576757138223', '//static.zara.net/photos///2020/V/1/1/p/6657/510/022/3/w/560/6657510022_2_3_1.jpg?ts=1576757220189', '//static.zara.net/photos///2020/V/1/1/p/6657/510/022/3/w/560/6657510022_2_4_1.jpg?ts=1576757205730', '//static.zara.net/photos///2020/V/1/1/p/6657/510/022/3/w/560/6657510022_2_5_1.jpg?ts=1576757212704', '//static.zara.net/photos///2020/V/1/1/p/6657/510/022/3/w/560/6657510022_2_15_1.jpg?ts=1578646400182']",['M '],버건디,"[{'겉감': '가방 손잡이70% 철,30% 폴리우레탄'}, {'안감': '주소재100% 폴리우레탄'}, {'* 입체장식 제외': ''}]","['세탁 금지', '표백제 사용 금지', '다리미질 금지', '드라이 클리닝 금지', '건조기 사용 금지']",//static.zara.net/photos///2020/V/1/1/p/6657/510/022/3/cb-0-0-4176-3072-Center/w/1173/6657510022_2_15_1.jpg?ts=1578646798225
18,"크림, 버건디, 블랙 컬러 중 선택이 가능한 크로스백. 기하학적 모양의 스티치가 매치된 부드러운 마감. 손잡이 디테일. 소재가 매치된 체인 숄더 스트랩. 내부 안감 처리. 빈티지 마감 실버 톤 메탈 피스가 매치된 플랩과 자석으로 여밈. 세로 x 가로 x 폭: 13 x 21.5 x 3cm",소프트 록 지갑 크로스백,"59,000 원","['//static.zara.net/photos///2019/I/1/1/p/6312/004/040/2/w/560/6312004040_2_1_1.jpg?ts=1563890458308', '//static.zara.net/photos///2019/I/1/1/p/6312/004/040/2/w/560/6312004040_1_1_1.jpg?ts=1567766354368', '//static.zara.net/photos///2019/I/1/1/p/6312/004/040/2/w/560/6312004040_2_5_1.jpg?ts=1563890626837', '//static.zara.net/photos///2019/I/1/1/p/6312/004/040/2/w/560/6312004040_2_3_1.jpg?ts=1563890548677', '//static.zara.net/photos///2020/V/1/1/p/6312/004/040/2/w/560/6312004040_2_19_1.jpg?ts=1576580053031']",['M '],블랙,"[{'겉감': '가방 손잡이70% 철,30% 폴리우레탄'}, {'안감': '주소재100% 폴리우레탄'}, {'* 입체장식 제외': ''}]","['세탁 금지', '표백제 사용 금지', '다리미질 금지', '드라이 클리닝 금지', '건조기 사용 금지']",//static.zara.net/photos///2019/I/1/1/p/6312/004/040/2/w/581/6312004040_1_1_1.jpg?ts=1567766354368
19,"크림, 버건디, 블랙 컬러 중 선택이 가능한 크로스백. 기하학적 모양의 스티치가 매치된 부드러운 마감. 손잡이 디테일. 소재가 매치된 체인 숄더 스트랩. 내부 안감 처리. 빈티지 마감 실버 톤 메탈 피스가 매치된 플랩과 자석으로 여밈. 세로 x 가로 x 폭: 13 x 21.5 x 3cm",소프트 록 지갑 크로스백,"59,000 원","['//static.zara.net/photos///2019/I/1/1/p/6907/510/002/3/w/560/6907510002_2_2_1.jpg?ts=1570436440768', '//static.zara.net/photos///2019/I/1/1/p/6907/510/002/3/w/560/6907510002_1_1_1.jpg?ts=1570436459374', '//static.zara.net/photos///2019/I/1/1/p/6907/510/002/3/w/560/6907510002_2_1_1.jpg?ts=1570436491038', '//static.zara.net/photos///2019/I/1/1/p/6907/510/002/3/w/560/6907510002_2_3_1.jpg?ts=1570436510009', '//static.zara.net/photos///2019/I/1/1/p/6907/510/002/3/w/560/6907510002_2_4_1.jpg?ts=1570436497290', '//static.zara.net/photos///2019/I/1/1/p/6907/510/002/3/w/560/6907510002_2_5_1.jpg?ts=1570436478558', '//static.zara.net/photos///2020/V/1/1/p/6907/510/002/3/w/560/6907510002_2_15_1.jpg?ts=1576166709361']",['M '],크림,"[{'겉감': '가방 손잡이70% 철,30% 폴리우레탄'}, {'안감': '주소재100% 폴리우레탄'}, {'* 입체장식 제외': ''}]","['세탁 금지', '표백제 사용 금지', '다리미질 금지', '드라이 클리닝 금지', '건조기 사용 금지']",//static.zara.net/photos///2020/V/1/1/p/6907/510/002/3/cb-0-0-4176-3072-Center/w/1173/6907510002_2_15_1.jpg?ts=1576230060566
20,화이트와 블랙 컬러 중 선택이 가능한 가죽 소재 크로스백. 가죽 소재의 타원형 디자인. 매듭 디테일 숄더 스트랩. 내부 포켓이 있음. 자석이 달린 플랩으로 여밈. 세로 x 가로 x 폭: 16 x 19 x 4cm,오벌 레더 크로스백,"79,000 원","['//static.zara.net/photos///2020/V/1/1/p/6530/510/001/3/w/560/6530510001_2_1_1.jpg?ts=1579605876842', '//static.zara.net/photos///2020/V/1/1/p/6530/510/001/3/w/560/6530510001_1_1_1.jpg?ts=1579605360973', '//static.zara.net/photos///2020/V/1/1/p/6530/510/001/3/w/560/6530510001_2_2_1.jpg?ts=1579605884109', '//static.zara.net/photos///2020/V/1/1/p/6530/510/001/3/w/560/6530510001_2_3_1.jpg?ts=1579708108150', '//static.zara.net/photos///2020/V/1/1/p/6530/510/001/3/w/560/6530510001_2_4_1.jpg?ts=1579605891788', '//static.zara.net/photos///2020/V/1/1/p/6530/510/001/3/w/560/6530510001_2_5_1.jpg?ts=1579605889224', '//static.zara.net/photos///2020/V/1/1/p/6530/510/001/3/w/560/6530510001_2_12_1.jpg?ts=1579722702687', '//static.zara.net/photos///2020/V/1/1/p/6530/510/001/3/w/560/6530510001_2_15_1.jpg?ts=1579705305941', '//static.zara.net/photos///2020/V/1/1/p/6530/510/001/3/w/560/6530510001_2_16_1.jpg?ts=1579705305360']",['M '],화이트,"[{'겉감': '100% 양가죽'}, {'안감': '100% 폴리우레탄'}]","['세탁 금지', '표백제 사용 금지', '다리미질 금지', '드라이 클리닝 금지', '건조기 사용 금지']",//static.zara.net/photos///2020/V/1/1/p/6530/510/001/3/w/1173/6530510001_9_20_1.jpg?ts=1579705797230
21,화이트와 블랙 컬러 중 선택이 가능한 가죽 소재 크로스백. 가죽 소재의 타원형 디자인. 매듭 디테일 숄더 스트랩. 내부 포켓이 있음. 자석이 달린 플랩으로 여밈. 세로 x 가로 x 폭: 16 x 19 x 4cm,오벌 레더 크로스백,"79,000 원","['//static.zara.net/photos///2020/V/1/1/p/6531/510/040/2/w/560/6531510040_2_1_1.jpg?ts=1579690115076', '//static.zara.net/photos///2020/V/1/1/p/6531/510/040/2/w/560/6531510040_1_1_1.jpg?ts=1579689899762', '//static.zara.net/photos///2020/V/1/1/p/6531/510/040/2/w/560/6531510040_2_2_1.jpg?ts=1579690130580', '//static.zara.net/photos///2020/V/1/1/p/6531/510/040/2/w/560/6531510040_2_3_1.jpg?ts=1579690114234', '//static.zara.net/photos///2020/V/1/1/p/6531/510/040/2/w/560/6531510040_2_4_1.jpg?ts=1579690129605', '//static.zara.net/photos///2020/V/1/1/p/6531/510/040/2/w/560/6531510040_2_5_1.jpg?ts=1579690115107', '//static.zara.net/photos///2020/V/1/1/p/6531/510/040/2/w/560/6531510040_2_12_1.jpg?ts=1579722696753']",['M '],블랙,"[{'겉감': '100% 양가죽'}, {'안감': '100% 폴리우레탄'}]","['세탁 금지', '표백제 사용 금지', '다리미질 금지', '드라이 클리닝 금지', '건조기 사용 금지']",//static.zara.net/photos///2020/V/1/1/p/6531/510/040/2/w/581/6531510040_1_1_1.jpg?ts=1579689899762
22,베이지 컬러 휴대폰 케이스 크로스백. 애니멀 패턴 디자인. 상단 골드 톤 메탈 디테일. 숄더 스트랩. 내부 안감 처리. 자석이 달린 플랩으로 여밈. 세로 x 가로 x 폭: 16.5 x 9.4 x 3cm,애니멀 프린트 스마트폰 케이스 크로스백,"35,000 원","['//static.zara.net/photos///2020/V/1/1/p/5610/510/102/2/w/560/5610510102_1_1_1.jpg?ts=1579603049231', '//static.zara.net/photos///2020/V/1/1/p/5610/510/102/2/w/560/5610510102_2_1_1.jpg?ts=1579603187319', '//static.zara.net/photos///2020/V/1/1/p/5610/510/102/2/w/560/5610510102_2_2_1.jpg?ts=1579603195331', '//static.zara.net/photos///2020/V/1/1/p/5610/510/102/2/w/560/5610510102_2_3_1.jpg?ts=1579603195386', '//static.zara.net/photos///2020/V/1/1/p/5610/510/102/2/w/560/5610510102_2_4_1.jpg?ts=1579603195242']",['M '],베이지,"[{'겉감': '100% 폴리우레탄'}, {'안감': '100% 폴리에스터'}]","['세탁 금지', '표백제 사용 금지', '다리미질 금지', '드라이 클리닝 금지', '건조기 사용 금지']",//static.zara.net/photos///2020/V/1/1/p/5610/510/102/2/w/581/5610510102_1_1_1.jpg?ts=1579603049231
23,크림 컬러 크로스백. 톤온톤 스티치 장식 디자인. 애니멀 디테일 골드 톤 원형 금속 피스가 달린 플랩 부분. 소재가 매치된 골드 톤 체인 숄더 스트랩. 내부 안감 처리. 자석으로 여밈. 세로 x 가로 x 폭: 13.5 x 19.2 x 4.5cm,애니멀 디테일 크로스백,"49,000 원","['//static.zara.net/photos///2020/V/1/1/p/6399/004/002/2/w/560/6399004002_1_1_1.jpg?ts=1572864886804', '//static.zara.net/photos///2020/V/1/1/p/6399/004/002/2/w/560/6399004002_2_1_1.jpg?ts=1572865012841', '//static.zara.net/photos///2020/V/1/1/p/6399/004/002/2/w/560/6399004002_2_2_1.jpg?ts=1572865006262', '//static.zara.net/photos///2020/V/1/1/p/6399/004/002/2/w/560/6399004002_2_3_1.jpg?ts=1572864867564', '//static.zara.net/photos///2020/V/1/1/p/6399/004/002/2/w/560/6399004002_2_4_1.jpg?ts=1572864986690', '//static.zara.net/photos///2020/V/1/1/p/6399/004/002/2/w/560/6399004002_2_5_1.jpg?ts=1572864992992']",['M '],크림,"[{'겉감': '주소재100% 폴리우레탄'}, {'안감': '긴 손잡이60% 철,40% 폴리우레탄'}, {'* 입체장식 제외': ''}]","['세탁 금지', '표백제 사용 금지', '다리미질 금지', '드라이 클리닝 금지', '건조기 사용 금지']",//static.zara.net/photos///2020/V/1/1/p/6399/004/002/2/w/581/6399004002_1_1_1.jpg?ts=1572864886804
24,블루와 베이지 컬러 중 선택이 가능한 미니 버킷백. 플리츠 탑. 컬러로 배색된 파이핑 디테일. 손잡이 디테일. 탈부착 가능한 숄더 스트랩. 내부 안감 처리. 드로스트링과 자석으로 여밈. 세로 x 가로 x 폭: 23.5 x 20 x 8cm,플리츠 미니 버킷백,"35,000 원","['//static.zara.net/photos///2020/V/1/1/p/7353/510/009/3/w/560/7353510009_1_1_1.jpg?ts=1579195213081', '//static.zara.net/photos///2020/V/1/1/p/7353/510/009/3/w/560/7353510009_2_1_1.jpg?ts=1579194578481', '//static.zara.net/photos///2020/V/1/1/p/7353/510/009/3/w/560/7353510009_2_2_1.jpg?ts=1579194517121', '//static.zara.net/photos///2020/V/1/1/p/7353/510/009/3/w/560/7353510009_2_3_1.jpg?ts=1579194532383', '//static.zara.net/photos///2020/V/1/1/p/7353/510/009/3/w/560/7353510009_2_4_1.jpg?ts=1579194516800', '//static.zara.net/photos///2020/V/1/1/p/7353/510/009/3/w/560/7353510009_2_5_1.jpg?ts=1579194494171', '//static.zara.net/photos///2020/V/1/1/p/7353/510/009/3/w/560/7353510009_2_15_1.jpg?ts=1580404188034']",['M '],블루,"[{'겉감': '100% 폴리우레탄'}, {'안감': '100% 폴리에스터'}]","['세탁 금지', '표백제 사용 금지', '다리미질 금지', '드라이 클리닝 금지', '건조기 사용 금지']",//static.zara.net/photos///2020/V/1/1/p/7353/510/009/3/cb-0-0-4176-3072-Center/w/1173/7353510009_2_15_1.jpg?ts=1580404256012
25,옐로우 컬러 버킷백. 퀼팅 처리됨. 손잡이 디테일. 소재가 매치된 체인 숄더 스트랩. 내부 안감 처리. 체인 디테일 드로스트링 여밈. 세로 x 가로 x 폭: 21 x 18 x 13cm,패딩 버킷백,"39,000 원","['//static.zara.net/photos///2020/V/1/1/p/6813/510/090/2/w/560/6813510090_1_1_1.jpg?ts=1578569633502', '//static.zara.net/photos///2020/V/1/1/p/6813/510/090/2/w/560/6813510090_2_1_1.jpg?ts=1578569669242', '//static.zara.net/photos///2020/V/1/1/p/6813/510/090/2/w/560/6813510090_2_2_1.jpg?ts=1578569654905', '//static.zara.net/photos///2020/V/1/1/p/6813/510/090/2/w/560/6813510090_2_3_1.jpg?ts=1578569655208', '//static.zara.net/photos///2020/V/1/1/p/6813/510/090/2/w/560/6813510090_2_4_1.jpg?ts=1578569684013']",['M '],노랑,"[{'겉감': '끈100% 철'}, {'안감': '주소재100% 폴리우레탄'}, {'충전재': '긴 손잡이70% 폴리우레탄,30% 철'}, {'* 입체장식 제외': ''}]","['세탁 금지', '표백제 사용 금지', '다리미질 금지', '드라이 클리닝 금지', '건조기 사용 금지']",//static.zara.net/photos///2020/V/1/1/p/6813/510/090/2/w/581/6813510090_1_1_1.jpg?ts=1578569633502
26,레드 컬러의 가죽 쇼퍼백. 전체 가죽 소재. 숄더 스트랩. 포켓이 달린 내부 안감. 드로스트링 여밈. 세로 x 가로 x 폭: 45.5 x 43 x 3cmJOIN LIFE 컬렉션.Care for planet: 가장 지속 가능한 방법으로 처리된 가죽.이러한 제품은 재생 에너지와 물 소모를 감소하는 기술을 사용하는 Leather Working Group 인증을 받은 가죽으로 제조됩니다. ,셔링 레더 쇼퍼백,"129,000 원","['//static.zara.net/photos///2020/V/1/1/p/6000/510/020/3/w/560/6000510020_1_1_1.jpg?ts=1580834520510', '//static.zara.net/photos///2020/V/1/1/p/6000/510/020/3/w/560/6000510020_2_1_1.jpg?ts=1580834596421', '//static.zara.net/photos///2020/V/1/1/p/6000/510/020/3/w/560/6000510020_2_3_1.jpg?ts=1580834581574', '//static.zara.net/photos///2020/V/1/1/p/6000/510/020/3/w/560/6000510020_2_4_1.jpg?ts=1580834633819', '//static.zara.net/photos///2020/V/1/1/p/6000/510/020/3/w/560/6000510020_2_5_1.jpg?ts=1580834634396', '//static.zara.net/photos///2020/V/1/1/p/6000/510/020/3/w/560/6000510020_2_15_1.jpg?ts=1580920510320', '//static.zara.net/photos///2018/V/M/1/p/1111/000/000/2/w/560/1111000000_2_97_1.jpg?ts=1570204599702']",['M '],레드,"[{'겉감': '100% 염소가죽'}, {'안감': '100% 폴리에스터'}]","['세탁 금지', '표백제 사용 금지', '다리미질 금지', '드라이 클리닝 금지', '건조기 사용 금지', '젖은 천만 이용']",//static.zara.net/photos///2020/V/1/1/p/6000/510/020/3/cb-0-0-4176-3072-Center/w/1173/6000510020_2_15_1.jpg?ts=1580920786879
27,레드와 카멜 컬러 중 선택이 가능한 토트백. 하드 디자인. 스티치 디테일 튜브형 손잡이. 길이 조절과 탈부착이 가능한 숄더 스트랩. 지퍼로 여미는 내부 가방. 세로 x 가로 x 폭: 30 x 25 x 16cm,미니멀 하드 토트백,"49,000 원","['//static.zara.net/photos///2020/V/1/1/p/6076/004/020/2/w/560/6076004020_1_1_1.jpg?ts=1580905848343', '//static.zara.net/photos///2020/V/1/1/p/6076/004/020/2/w/560/6076004020_2_1_1.jpg?ts=1580905825557', '//static.zara.net/photos///2020/V/1/1/p/6076/004/020/2/w/560/6076004020_2_2_1.jpg?ts=1580905833080', '//static.zara.net/photos///2020/V/1/1/p/6076/004/020/2/w/560/6076004020_2_3_1.jpg?ts=1580905970674', '//static.zara.net/photos///2020/V/1/1/p/6076/004/020/2/w/560/6076004020_2_4_1.jpg?ts=1580905896930']",['M '],레드,"[{'겉감': '100% 폴리우레탄'}, {'안감': '100% 폴리에스터'}]","['세탁 금지', '표백제 사용 금지', '다리미질 금지', '드라이 클리닝 금지', '건조기 사용 금지', '수증기 없이 다리십시오']",//static.zara.net/photos///2020/V/1/1/p/6076/004/020/2/w/581/6076004020_1_1_1.jpg?ts=1580905848343
28,레드와 카멜 컬러 중 선택이 가능한 토트백. 하드 디자인. 스티치 디테일 튜브형 손잡이. 길이 조절과 탈부착이 가능한 숄더 스트랩. 지퍼로 여미는 내부 가방. 세로 x 가로 x 폭: 30 x 25 x 16cm,미니멀 하드 토트백,"49,000 원","['//static.zara.net/photos///2020/V/1/1/p/6078/004/117/3/w/560/6078004117_1_1_1.jpg?ts=1580992271644', '//static.zara.net/photos///2020/V/1/1/p/6078/004/117/3/w/560/6078004117_2_1_1.jpg?ts=1580992352123', '//static.zara.net/photos///2020/V/1/1/p/6078/004/117/3/w/560/6078004117_2_2_1.jpg?ts=1580992261718', '//static.zara.net/photos///2020/V/1/1/p/6078/004/117/3/w/560/6078004117_2_3_1.jpg?ts=1580992307122', '//static.zara.net/photos///2020/V/1/1/p/6078/004/117/3/w/560/6078004117_2_4_1.jpg?ts=1580992253871', '//static.zara.net/photos///2020/V/1/1/p/6078/004/117/3/w/560/6078004117_2_16_1.jpg?ts=1580920518354']",['M '],카멜,"[{'겉감': '100% 폴리우레탄'}, {'안감': '100% 폴리에스터'}]","['세탁 금지', '표백제 사용 금지', '다리미질 금지', '드라이 클리닝 금지', '건조기 사용 금지', '수증기 없이 다리십시오']",//static.zara.net/photos///2020/V/1/1/p/6078/004/117/3/w/581/6078004117_2_16_1.jpg?ts=1580920518354
29,크림 컬러 버킷백. 컬러가 배색된 파이핑이 매치된 크랙 마감 디자인. 금속 링이 달린 손잡이. 체인 숄더 스트랩. 내부 안감 처리. 금속 Mickey Mouse ©DISNEY 피스가 매치된 금속 아일렛으로 드로스트링 여밈. 세로 x 가로 x 폭: 18 x 14.5 x 14.5cm,MICKEY MOUSE ©DISNEY 버킷백,"49,000 원","['//static.zara.net/photos///2020/V/1/1/p/6866/510/002/2/w/560/6866510002_2_1_1.jpg?ts=1577099214263', '//static.zara.net/photos///2020/V/1/1/p/6866/510/002/2/w/560/6866510002_1_1_1.jpg?ts=1577099106406', '//static.zara.net/photos///2020/V/1/1/p/6866/510/002/2/w/560/6866510002_2_2_1.jpg?ts=1577099228407', '//static.zara.net/photos///2020/V/1/1/p/6866/510/002/2/w/560/6866510002_2_3_1.jpg?ts=1577099150136', '//static.zara.net/photos///2020/V/1/1/p/6866/510/002/2/w/560/6866510002_2_4_1.jpg?ts=1577099149969', '//static.zara.net/photos///2020/V/1/1/p/6866/510/002/2/w/560/6866510002_2_5_1.jpg?ts=1577099208833']",['M '],크림,"[{'겉감': '주소재100% 폴리우레탄'}, {'안감': '긴 손잡이100% 철'}, {'* 입체장식 제외': ''}]","['세탁 금지', '표백제 사용 금지', '다리미질 금지', '드라이 클리닝 금지', '건조기 사용 금지']",//static.zara.net/photos///2020/V/1/1/p/6866/510/002/2/w/1173/6866510002_9_2_1.jpg?ts=1577098826369
30,"블랙, 레드와 크림 컬러 중 선택이 가능한 버킷백. 그레인 마감 소재. 골드 톤의 금속 장식. 스터드 디테일이 매치된 탈부착 가능한 손잡이. 길이 조절과 탈부착이 가능한 숄더 스트랩. 드로스트링 여밈.  세로 x 가로 x 폭: 27.5 x 21.7 x 15cm",버킷백,"39,000 원","['//static.zara.net/photos///2019/I/1/1/p/6400/510/020/2/w/560/6400510020_1_1_1.jpg?ts=1570699809054', '//static.zara.net/photos///2019/I/1/1/p/6400/510/020/2/w/560/6400510020_2_1_1.jpg?ts=1570699809492', '//static.zara.net/photos///2019/I/1/1/p/6400/510/020/2/w/560/6400510020_2_2_1.jpg?ts=1570699813463', '//static.zara.net/photos///2019/I/1/1/p/6400/510/020/2/w/560/6400510020_2_3_1.jpg?ts=1570699810161', '//static.zara.net/photos///2019/I/1/1/p/6400/510/020/2/w/560/6400510020_2_4_1.jpg?ts=1570699811556']",['M '],레드,[{'겉감': '100% 폴리우레탄'}],"['세탁 금지', '표백제 사용 금지', '다리미질 금지', '드라이 클리닝 금지', '건조기 사용 금지']",//static.zara.net/photos///2019/I/1/1/p/6400/510/020/2/w/581/6400510020_1_1_1.jpg?ts=1570699809054
31,블랙과 실버 컬러 중 선택이 가능한 맥시 크로스백. 퀼팅 처리된 플랩과 전체 디자인. 여러 소재가 매치된 체인 숄더 스트랩. 포켓이 달린 내부 안감. 금속 클래스프 여밈. 세로 x 가로 x 폭: 25 x 34.5 x 8.5cm,퀼티드 맥시 크로스백,"59,000 원","['//static.zara.net/photos///2020/V/1/1/p/6391/510/017/2/w/560/6391510017_1_1_1.jpg?ts=1580470273608', '//static.zara.net/photos///2020/V/1/1/p/6391/510/017/2/w/560/6391510017_2_1_1.jpg?ts=1580372676754', '//static.zara.net/photos///2020/V/1/1/p/6391/510/017/2/w/560/6391510017_2_2_1.jpg?ts=1580372720203', '//static.zara.net/photos///2020/V/1/1/p/6391/510/017/2/w/560/6391510017_2_3_1.jpg?ts=1580372727682', '//static.zara.net/photos///2020/V/1/1/p/6391/510/017/2/w/560/6391510017_2_4_1.jpg?ts=1580372670159']",['M '],진,"[{'겉감': '주요소재100% 면'}, {'안감': '긴 손잡이60% 철,40% 면'}, {'충전재': ''}]","['세탁 금지', '표백제 사용 금지', '다리미질 금지', '드라이 클리닝 금지', '건조기 사용 금지']",//static.zara.net/photos///2020/V/1/1/p/6391/510/017/2/w/581/6391510017_1_1_1.jpg?ts=1580470273608
32,블랙과 실버 컬러 중 선택이 가능한 맥시 크로스백. 퀼팅 처리된 플랩과 전체 디자인. 여러 소재가 매치된 체인 숄더 스트랩. 포켓이 달린 내부 안감. 금속 클래스프 여밈. 세로 x 가로 x 폭: 25 x 34.5 x 8.5cm,퀼티드 맥시 크로스백,"59,000 원","['//static.zara.net/photos///2020/V/1/1/p/6390/510/009/2/w/560/6390510009_1_1_1.jpg?ts=1579599812965', '//static.zara.net/photos///2020/V/1/1/p/6390/510/009/2/w/560/6390510009_2_1_1.jpg?ts=1579600776857', '//static.zara.net/photos///2020/V/1/1/p/6390/510/009/2/w/560/6390510009_2_2_1.jpg?ts=1579600784169', '//static.zara.net/photos///2020/V/1/1/p/6390/510/009/2/w/560/6390510009_2_3_1.jpg?ts=1579600754852', '//static.zara.net/photos///2020/V/1/1/p/6390/510/009/2/w/560/6390510009_2_4_1.jpg?ts=1579600762239', '//static.zara.net/photos///2020/V/1/1/p/6390/510/009/2/w/560/6390510009_2_5_1.jpg?ts=1579600769456']",['M '],블루,"[{'겉감': '주소재100% 폴리우레탄'}, {'안감': '긴 손잡이60% 철,40% 폴리우레탄'}, {'충전재': ''}]","['세탁 금지', '표백제 사용 금지', '다리미질 금지', '드라이 클리닝 금지', '건조기 사용 금지']",//static.zara.net/photos///2020/V/1/1/p/6390/510/009/2/w/581/6390510009_1_1_1.jpg?ts=1579599812965
33,"블랙 컬러의 토트백. MICKEY MOUSE ©DISNEY 모양 퀼팅 디자인. 다른 소재의 MICKEY MOUSE ©DISNEY 장식이 달린 손잡이. 기능성 소재의 길이 조절 및 탈부착 가능한 숄더 스트랩. 내부 안감 처리. 자석으로 여밈. 세로 x 가로 x 폭: 27.5 x 41 x 13.5cmJOIN LIFE 컬렉션.Care for fiber: 25% 이상 재생 폴리에스터 사용.재생 폴리에스터는 재활용 플라스틱병을 이용하여 제조되어 적은 양의 물, 에너지 및 천연 자원이 소모됩니다. ",MICKEY MOUSE ©DISNEY 퀼팅 토트백,"59,000 원","['//static.zara.net/photos///2020/V/1/1/p/6817/510/040/2/w/560/6817510040_1_1_1.jpg?ts=1579073479348', '//static.zara.net/photos///2020/V/1/1/p/6817/510/040/2/w/560/6817510040_2_1_1.jpg?ts=1577117040182', '//static.zara.net/photos///2020/V/1/1/p/6817/510/040/2/w/560/6817510040_2_2_1.jpg?ts=1577117080912', '//static.zara.net/photos///2020/V/1/1/p/6817/510/040/2/w/560/6817510040_2_3_1.jpg?ts=1577117072218', '//static.zara.net/photos///2020/V/1/1/p/6817/510/040/2/w/560/6817510040_2_4_1.jpg?ts=1577117065814', '//static.zara.net/photos///2018/V/M/1/p/1111/000/000/2/w/560/1111000000_2_59_1.jpg?ts=1548282475310']",['M '],블랙,"[{'겉감': '주요소재100% 폴리에스터'}, {'안감': '긴 손잡이90% 폴리프로필렌 섬유,10% 폴리우레탄'}, {'충전재': ''}, {'* 입체장식 제외': '100% 폴리에스터'}]","['세탁 금지', '표백제 사용 금지', '다리미질 금지', '드라이 클리닝 금지', '건조기 사용 금지']",//static.zara.net/photos///2020/V/1/1/p/6817/510/040/2/w/581/6817510040_1_1_1.jpg?ts=1579073479348
34,"블랙 백팩. 나일론 소재 패딩 디자인. 자석과 플랩으로 여미는 2개의 앞면 포켓. 손잡이 디테일. 길이 조절이 가능한 숄더 스트랩. 지퍼로 여미는 포켓이 있는 내부 안감. 메탈 클래스프, 플랩과 드로스트링 여밈. 세로 x 가로 x 폭: 28.5 x 24.5 x 10.5cm",나일론 퀼팅 백팩,"59,000 원","['//static.zara.net/photos///2020/V/1/1/p/6102/510/040/2/w/560/6102510040_1_1_1.jpg?ts=1580459868879', '//static.zara.net/photos///2020/V/1/1/p/6102/510/040/2/w/560/6102510040_2_1_1.jpg?ts=1580459890919', '//static.zara.net/photos///2020/V/1/1/p/6102/510/040/2/w/560/6102510040_2_2_1.jpg?ts=1580459877175', '//static.zara.net/photos///2020/V/1/1/p/6102/510/040/2/w/560/6102510040_2_3_1.jpg?ts=1580459888504', '//static.zara.net/photos///2020/V/1/1/p/6102/510/040/2/w/560/6102510040_2_4_1.jpg?ts=1580459892695']",['M '],블랙,"[{'겉감': '주요소재100% 나일론'}, {'안감': '부수소재100% 폴리우레탄'}, {'충전재': ''}]","['접시 닦는 기계 사용 금지', '표백제 사용 금지', '다리미질 금지', '드라이 클리닝 금지', '건조기 사용 금지']",//static.zara.net/photos///2020/V/1/1/p/6102/510/040/2/w/581/6102510040_1_1_1.jpg?ts=1580459868879
35,블랙 컬러의 벨트백 스타일 크로스백. 반짝이는 마감의 기능성 소재 디자인. 지퍼로 여미는 안감 처리된 앞면 포켓. 신분증용 뒷면 투명 비닐 포켓. 메탈 피스로 여미는 소재가 매치된 길이 조절 가능한 벨트. 지퍼로 여미는 포켓이 있는 내부 안감. 지퍼 여밈. 세로 x 가로 x 폭: 12 x 25 x 6.5cm,글리터 하이테크 패브릭 벨트백-크로스백,"45,000 원","['//static.zara.net/photos///2020/V/1/1/p/7602/510/040/2/w/560/7602510040_1_1_1.jpg?ts=1580749145598', '//static.zara.net/photos///2020/V/1/1/p/7602/510/040/2/w/560/7602510040_2_1_1.jpg?ts=1580399113473', '//static.zara.net/photos///2020/V/1/1/p/7602/510/040/2/w/560/7602510040_2_2_1.jpg?ts=1580399106334', '//static.zara.net/photos///2020/V/1/1/p/7602/510/040/2/w/560/7602510040_2_3_1.jpg?ts=1580399113912', '//static.zara.net/photos///2020/V/1/1/p/7602/510/040/2/w/560/7602510040_2_4_1.jpg?ts=1580399144298']",['M '],블랙,"[{'겉감': '주요소재65% 폴리에스터,35% 폴리아미드'}, {'안감': '디테일55% TPU,45% 폴리우레탄'}]","['세탁 금지', '표백제 사용 금지', '다리미질 금지', '드라이 클리닝 금지', '건조기 사용 금지']",//static.zara.net/photos///2020/V/1/1/p/7602/510/040/2/w/581/7602510040_1_1_1.jpg?ts=1580749145598
36,"화이트 컬러 가죽 크로스백. 전체 가죽 소재. 탈부착 가능한 부드러운 가죽 숄더 스트랩. 안감 처리된 내부에 수납공간이 2개 있고, 그중 1개에 있는 2개의 내부 포켓 중 1개는 지퍼로 여밈. 자석이 달린 플랩으로 여밈. 세로 x 가로 x 폭: 18 x 25.5 x 3cm",미니멀 레더 크로스백,"99,000 원","['//static.zara.net/photos///2020/V/1/1/p/6317/510/001/3/w/560/6317510001_1_1_1.jpg?ts=1581354462457', '//static.zara.net/photos///2020/V/1/1/p/6317/510/001/3/w/560/6317510001_2_1_1.jpg?ts=1581354456721', '//static.zara.net/photos///2020/V/1/1/p/6317/510/001/3/w/560/6317510001_2_2_1.jpg?ts=1581354474240', '//static.zara.net/photos///2020/V/1/1/p/6317/510/001/3/w/560/6317510001_2_3_1.jpg?ts=1581354466973', '//static.zara.net/photos///2020/V/1/1/p/6317/510/001/3/w/560/6317510001_2_4_1.jpg?ts=1581354472649', '//static.zara.net/photos///2020/V/1/1/p/6317/510/001/3/w/560/6317510001_2_5_1.jpg?ts=1581354456786', '//static.zara.net/photos///2020/V/1/1/p/6317/510/001/3/w/560/6317510001_2_15_1.jpg?ts=1581500485597']",['M '],화이트,"[{'겉감': '100% 양가죽'}, {'안감': '100% 폴리에스터'}]","['세탁 금지', '표백제 사용 금지', '다리미질 금지', '드라이 클리닝 금지', '건조기 사용 금지']",//static.zara.net/photos///2020/V/1/1/p/6317/510/001/3/cb-0-0-4176-3072-Center/w/1173/6317510001_2_15_1.jpg?ts=1581501059722
37,블랙 컬러의 미니 크로스백. 타원형 디자인. 양 옆면 매듭 스타일 풀탭 디테일. 길이 조절 가능한 숄더 스트랩. 포켓이 달린 내부 안감. 자석이 달린 플랩으로 여밈. 세로 x 가로 x 폭: 12 x 18 x 6.5cm,미니멀 미니 크로스백,"39,000 원","['//static.zara.net/photos///2020/V/1/1/p/5400/510/040/2/w/560/5400510040_1_1_1.jpg?ts=1580227949159', '//static.zara.net/photos///2020/V/1/1/p/5400/510/040/2/w/560/5400510040_2_1_1.jpg?ts=1580228298141', '//static.zara.net/photos///2020/V/1/1/p/5400/510/040/2/w/560/5400510040_2_3_1.jpg?ts=1580228262966', '//static.zara.net/photos///2020/V/1/1/p/5400/510/040/2/w/560/5400510040_2_4_1.jpg?ts=1580289217963', '//static.zara.net/photos///2020/V/1/1/p/5400/510/040/2/w/560/5400510040_2_5_1.jpg?ts=1580228293610']",['M '],블랙,"[{'겉감': '100% 폴리우레탄'}, {'안감': '100% 폴리에스터'}]","['세탁 금지', '표백제 사용 금지', '다리미질 금지', '드라이 클리닝 금지', '건조기 사용 금지']",//static.zara.net/photos///2020/V/1/1/p/5400/510/040/2/w/581/5400510040_1_1_1.jpg?ts=1580227949159
38,블루와 핑크 컬러 중 선택이 가능한 버킷백. 플로랄 자수 디테일 튤 소재 디자인. 손잡이 디테일. 자석으로 여밈. 세로 x 가로 x 폭: 21 x 30 x 3cm,자수 튤 버킷백,"39,000 원","['//static.zara.net/photos///2020/V/1/1/p/5648/510/050/4/w/560/5648510050_1_1_1.jpg?ts=1580141489835', '//static.zara.net/photos///2020/V/1/1/p/5648/510/050/4/w/560/5648510050_2_1_1.jpg?ts=1580141586932', '//static.zara.net/photos///2020/V/1/1/p/5648/510/050/4/w/560/5648510050_2_2_1.jpg?ts=1580141594420', '//static.zara.net/photos///2020/V/1/1/p/5648/510/050/4/w/560/5648510050_2_3_1.jpg?ts=1578992875484', '//static.zara.net/photos///2020/V/1/1/p/5648/510/050/4/w/560/5648510050_2_4_1.jpg?ts=1578992895054', '//static.zara.net/photos///2020/V/1/1/p/5648/510/050/4/w/560/5648510050_2_16_1.jpg?ts=1580472605287']",['M '],핑크,"[{'겉감': '100% 폴리에스터'}, {'안감': '100% 폴리에스터'}]","['세탁 금지', '표백제 사용 금지', '다리미질 금지', '드라이 클리닝 금지', '건조기 사용 금지']",//static.zara.net/photos///2020/V/1/1/p/5648/510/050/4/cb-0-0-4176-3072-Center/w/1173/5648510050_2_16_1.jpg?ts=1580472778016
39,블루와 핑크 컬러 중 선택이 가능한 버킷백. 플로랄 자수 디테일 튤 소재 디자인. 손잡이 디테일. 자석으로 여밈. 세로 x 가로 x 폭: 21 x 30 x 3cm,자수 튤 버킷백,"39,000 원","['//static.zara.net/photos///2020/V/1/1/p/5646/510/009/3/w/560/5646510009_1_1_1.jpg?ts=1580141453033', '//static.zara.net/photos///2020/V/1/1/p/5646/510/009/3/w/560/5646510009_2_1_1.jpg?ts=1580141453970', '//static.zara.net/photos///2020/V/1/1/p/5646/510/009/3/w/560/5646510009_2_2_1.jpg?ts=1580141461807', '//static.zara.net/photos///2020/V/1/1/p/5646/510/009/3/w/560/5646510009_2_3_1.jpg?ts=1578904732580', '//static.zara.net/photos///2020/V/1/1/p/5646/510/009/3/w/560/5646510009_2_4_1.jpg?ts=1578929204720', '//static.zara.net/photos///2020/V/1/1/p/5646/510/009/3/w/560/5646510009_2_15_1.jpg?ts=1580404211050']",['M '],블루,"[{'겉감': '100% 폴리에스터'}, {'안감': '100% 폴리에스터'}]","['세탁 금지', '표백제 사용 금지', '다리미질 금지', '드라이 클리닝 금지', '건조기 사용 금지']",//static.zara.net/photos///2020/V/1/1/p/5646/510/009/3/w/581/5646510009_2_15_1.jpg?ts=1580404211050
40,블랙 컬러의 쇼퍼백. 컬러가 배색된 스티치 디테일. 가로 트임이 있는 브레이드 장식 디자인. 숄더 스트랩. 드로스트링으로 여미는 탈부착형 패브릭 내부 가방. 세로 x 가로 x 폭: 26.5 x 35 x 13.5cm,로프 슬릿 쇼퍼백,"99,000 원","['//static.zara.net/photos///2020/V/1/1/p/5142/510/040/3/w/560/5142510040_1_1_1.jpg?ts=1581499822023', '//static.zara.net/photos///2020/V/1/1/p/5142/510/040/3/w/560/5142510040_2_1_1.jpg?ts=1581500424786', '//static.zara.net/photos///2020/V/1/1/p/5142/510/040/3/w/560/5142510040_2_3_1.jpg?ts=1581500341622', '//static.zara.net/photos///2020/V/1/1/p/5142/510/040/3/w/560/5142510040_2_4_1.jpg?ts=1581500405899', '//static.zara.net/photos///2020/V/1/1/p/5142/510/040/3/w/560/5142510040_2_5_1.jpg?ts=1581500379810', '//static.zara.net/photos///2020/V/1/1/p/5142/510/040/3/w/560/5142510040_2_15_1.jpg?ts=1581500463676']",['M '],블랙,[{'겉감': '100% 폴리우레탄'}],"['세탁 금지', '표백제 사용 금지', '다리미질 금지', '드라이 클리닝 금지', '건조기 사용 금지']",//static.zara.net/photos///2020/V/1/1/p/5142/510/040/3/cb-0-0-4176-3072-Center/w/1173/5142510040_2_15_1.jpg?ts=1581501074078
41,여러 컬러가 매치된 쇼퍼백 스타일 가방. 패턴이 있는 자카드 소재 전체 디자인. 손잡이 디테일. 숄더 스트랩. 포켓이 달린 내부 안감. 지퍼 여밈. 세로 x 가로 x 폭: 34 x 43.5 x 14cm,패턴 자카드 패브릭 토트백,"59,000 원","['//static.zara.net/photos///2020/V/1/1/p/5182/510/202/2/w/560/5182510202_1_1_1.jpg?ts=1581668980325', '//static.zara.net/photos///2020/V/1/1/p/5182/510/202/2/w/560/5182510202_2_1_1.jpg?ts=1581669006228', '//static.zara.net/photos///2020/V/1/1/p/5182/510/202/2/w/560/5182510202_2_2_1.jpg?ts=1581669023108', '//static.zara.net/photos///2020/V/1/1/p/5182/510/202/2/w/560/5182510202_2_3_1.jpg?ts=1581669031258', '//static.zara.net/photos///2020/V/1/1/p/5182/510/202/2/w/560/5182510202_2_4_1.jpg?ts=1581669015556', '//static.zara.net/photos///2020/V/1/1/p/5182/510/202/2/w/560/5182510202_2_5_1.jpg?ts=1581610543262']",['M '],콤비,"[{'겉감': '73% 폴리에스터, 24% 면, 3% 엘라스탄'}, {'안감': '50% 면, 50% 폴리에스터'}]","['세탁 금지', '표백제 사용 금지', '다리미질 금지', '드라이 클리닝 금지', '건조기 사용 금지']",//static.zara.net/photos///2020/V/1/1/p/5182/510/202/2/w/581/5182510202_1_1_1.jpg?ts=1581668980325
42,블랙 컬러의 가죽 쇼퍼백. 전체 가죽 소재. 셔링 처리된 매듭 디테일 숄더 스트랩. 세로 x 가로 x 폭: 38 x 37 x 0.1cmJOIN LIFE 컬렉션.Care for planet: 가장 지속 가능한 방법으로 처리된 가죽.이러한 제품은 재생 에너지와 물 소모를 감소하는 기술을 사용하는 Leather Working Group 인증을 받은 가죽으로 제조됩니다. ,매듭 레더 쇼퍼백,"99,000 원","['//static.zara.net/photos///2020/V/1/1/p/5302/510/040/3/w/560/5302510040_1_1_1.jpg?ts=1580287133790', '//static.zara.net/photos///2020/V/1/1/p/5302/510/040/3/w/560/5302510040_2_1_1.jpg?ts=1580287127091', '//static.zara.net/photos///2020/V/1/1/p/5302/510/040/3/w/560/5302510040_2_2_1.jpg?ts=1580287190811', '//static.zara.net/photos///2020/V/1/1/p/5302/510/040/3/w/560/5302510040_2_3_1.jpg?ts=1580287235164', '//static.zara.net/photos///2020/V/1/1/p/5302/510/040/3/w/560/5302510040_2_4_1.jpg?ts=1580287227857', '//static.zara.net/photos///2020/V/1/1/p/5302/510/040/3/w/560/5302510040_2_5_1.jpg?ts=1580287176118', '//static.zara.net/photos///2020/V/1/1/p/5302/510/040/3/w/560/5302510040_2_15_1.jpg?ts=1582102452630', '//static.zara.net/photos///2018/V/M/1/p/1111/000/000/2/w/560/1111000000_2_97_1.jpg?ts=1570204599702']",['M '],블랙,[{'겉감': '100% 소가죽'}],"['세탁 금지', '표백제 사용 금지', '다리미질 금지', '드라이 클리닝 금지', '건조기 사용 금지']",//static.zara.net/photos///2020/V/1/1/p/5302/510/040/3/cb-0-0-4176-3072-Center/w/1173/5302510040_2_15_1.jpg?ts=1582102704969
43,블랙 컬러 버킷백. 크랙 마감 디자인. 메탈 피스 디테일 숄더 스트랩. 포켓이 달린 내부 안감. 자석으로 여밈. 세로 x 가로 x 폭: 27.5 x 30.3 x 16cm,크랙 록 버킷백,"59,000 원","['//static.zara.net/photos///2020/V/1/1/p/5306/510/040/3/w/560/5306510040_2_1_1.jpg?ts=1578587909000', '//static.zara.net/photos///2020/V/1/1/p/5306/510/040/3/w/560/5306510040_1_1_1.jpg?ts=1579738294698', '//static.zara.net/photos///2020/V/1/1/p/5306/510/040/3/w/560/5306510040_2_2_1.jpg?ts=1578587916164', '//static.zara.net/photos///2020/V/1/1/p/5306/510/040/3/w/560/5306510040_2_3_1.jpg?ts=1578587873867', '//static.zara.net/photos///2020/V/1/1/p/5306/510/040/3/w/560/5306510040_2_4_1.jpg?ts=1578587887872', '//static.zara.net/photos///2020/V/1/1/p/5306/510/040/3/w/560/5306510040_2_5_1.jpg?ts=1578587930009', '//static.zara.net/photos///2020/V/1/1/p/5306/510/040/3/w/560/5306510040_2_15_1.jpg?ts=1578657454617']",['M '],블랙,"[{'겉감': '주소재100% 폴리우레탄'}, {'안감': '긴 손잡이80% 폴리우레탄,20% ZAMAC'}]","['세탁 금지', '표백제 사용 금지', '다리미질 금지', '드라이 클리닝 금지', '건조기 사용 금지']",//static.zara.net/photos///2020/V/1/1/p/5306/510/040/3/cb-0-0-4176-3072-Center/w/1173/5306510040_2_15_1.jpg?ts=1578657565267
44,블랙 컬러의 가죽 쇼퍼백. 앞면 포켓 디테일. 양 옆면 금속 마감 스트랩 디테일. 숄더 스트랩.  세로 x 가로 x 폭: 53 x 37 x 6cm,레더 토트백,"129,000 원","['//static.zara.net/photos///2019/V/1/1/p/6081/304/040/2/w/560/6081304040_1_1_1.jpg?ts=1551356176323', '//static.zara.net/photos///2019/V/1/1/p/6081/304/040/2/w/560/6081304040_2_2_1.jpg?ts=1551355969872', '//static.zara.net/photos///2019/V/1/1/p/6081/304/040/2/w/560/6081304040_2_3_1.jpg?ts=1551356013431', '//static.zara.net/photos///2019/V/1/1/p/6081/304/040/2/w/560/6081304040_2_6_1.jpg?ts=1551356134293', '//static.zara.net/photos///2019/V/1/1/p/6081/304/040/2/w/560/6081304040_2_5_1.jpg?ts=1551356094536']",['M '],블랙,[{'겉감': '100% 소가죽'}],"['세탁 금지', '표백제 사용 금지', '다리미질 금지', '드라이 클리닝 금지', '건조기 사용 금지']",//static.zara.net/photos///2019/V/1/1/p/6081/304/040/2/w/581/6081304040_1_1_1.jpg?ts=1551356176323
45,블랙 컬러의 미니 크로스백. 골드 톤 금속 디테일이 매치된 앞면 플랩 디자인. 배색된 컬러의 탈부착 가능한 와이드 숄더 스트랩. 내부에 수납공간이 3개 있음. 자석으로 여밈. 세로 x 가로 x 폭: 12.5 x 19 x 8cm,미니멀 미니 크로스백,"49,000 원","['//static.zara.net/photos///2019/I/1/1/p/5608/510/040/2/w/560/5608510040_2_1_1.jpg?ts=1572541136040', '//static.zara.net/photos///2019/I/1/1/p/5608/510/040/2/w/560/5608510040_1_1_1.jpg?ts=1572541100418', '//static.zara.net/photos///2019/I/1/1/p/5608/510/040/2/w/560/5608510040_2_2_1.jpg?ts=1572541502693', '//static.zara.net/photos///2019/I/1/1/p/5608/510/040/2/w/560/5608510040_2_3_1.jpg?ts=1572541188968', '//static.zara.net/photos///2019/I/1/1/p/5608/510/040/2/w/560/5608510040_2_4_1.jpg?ts=1572541105319', '//static.zara.net/photos///2019/I/1/1/p/5608/510/040/2/w/560/5608510040_2_5_1.jpg?ts=1572541097247']",['M '],블랙,"[{'겉감': '100% 폴리우레탄'}, {'안감': '100% 폴리우레탄'}]","['세탁 금지', '표백제 사용 금지', '다리미질 금지', '드라이 클리닝 금지', '건조기 사용 금지']",//static.zara.net/photos///2019/I/1/1/p/5608/510/040/2/w/1173/5608510040_9_2_1.jpg?ts=1572541116308
46,여러 컬러가 매치된 쇼퍼백 스타일 가방. 멀티컬러 비즈와 벨벳 디테일이 매치된 캔버스 탑. 벨벳 소재 손잡이. 내부 안감 처리. 세로 x 가로 x 폭: 28.5 x 33 x 15cm,멀티컬러 벨벳 캔버스 토트백,"159,000 원","['//static.zara.net/photos///2019/I/1/1/p/8156/004/202/2/w/560/8156004202_2_4_1.jpg?ts=1573724130914', '//static.zara.net/photos///2019/I/1/1/p/8156/004/202/2/w/560/8156004202_1_1_1.jpg?ts=1573724031259', '//static.zara.net/photos///2019/I/1/1/p/8156/004/202/2/w/560/8156004202_2_1_1.jpg?ts=1573724172646', '//static.zara.net/photos///2019/I/1/1/p/8156/004/202/2/w/560/8156004202_2_2_1.jpg?ts=1573724179778', '//static.zara.net/photos///2019/I/1/1/p/8156/004/202/2/w/560/8156004202_2_3_1.jpg?ts=1573726331635', '//static.zara.net/photos///2019/I/1/1/p/8156/004/202/2/w/560/8156004202_2_5_1.jpg?ts=1573724084294']",['M '],콤비,"[{'겉감': '주요소재100% 면'}, {'안감': '부소재100% 폴리에스터'}, {'* 입체장식 제외': '장식실100% 폴리에스터'}]","['세탁 금지', '표백제 사용 금지', '다리미질 금지', '드라이 클리닝 금지', '건조기 사용 금지']",//static.zara.net/photos///2019/I/1/1/p/8156/004/202/2/w/581/8156004202_1_1_1.jpg?ts=1573724031259
47,블랙 컬러 버킷백. 시퀸 장식 디자인. 금속 버클이 달린 길이 조절 가능한 가죽 숄더 스트랩. 내부 안감 처리. 매듭으로 여밈. 세로 x 가로 x 폭: 41 x 49 x 5cm,시퀸 버킷백,"79,000 원","['//static.zara.net/photos///2019/I/1/1/p/8158/004/040/2/w/560/8158004040_2_3_1.jpg?ts=1568285517587', '//static.zara.net/photos///2019/I/1/1/p/8158/004/040/2/w/560/8158004040_1_1_1.jpg?ts=1568286603234', '//static.zara.net/photos///2019/I/1/1/p/8158/004/040/2/w/560/8158004040_2_5_1.jpg?ts=1568285519959', '//static.zara.net/photos///2019/I/1/1/p/8158/004/040/2/w/560/8158004040_2_1_1.jpg?ts=1568286604255', '//static.zara.net/photos///2019/I/1/1/p/8158/004/040/2/w/560/8158004040_2_4_1.jpg?ts=1568285519952', '//static.zara.net/photos///2019/I/1/1/p/8158/004/040/2/w/560/8158004040_2_2_1.jpg?ts=1568285522044']",['M '],블랙,"[{'겉감': '주요소재100% 나일론'}, {'안감': '부수소재55% 소가죽,45% 폴리우레탄'}, {'* 입체장식 제외': ''}]","['세탁 금지', '표백제 사용 금지', '다리미질 금지', '드라이 클리닝 금지', '건조기 사용 금지']",//static.zara.net/photos///2019/I/1/1/p/8158/004/040/2/w/581/8158004040_1_1_1.jpg?ts=1568286603234
48,블루와 블랙 컬러 중 선택이 가능한 가죽 크로스백. 전체 가죽 소재. 플랩 부분 골드 톤 메탈 디테일. 튜브 스타일 숄더 스트랩. 내부에 수납공간이 2개 있음. 자석이 달린 플랩으로 여밈. 세로 x 가로 x 폭: 12.5 x 17.5 x 8cmJOIN LIFE 컬렉션.Care for planet: 가장 지속 가능한 방법으로 처리된 가죽.이러한 제품은 재생 에너지와 물 소모를 감소하는 기술을 사용하는 Leather Working Group 인증을 받은 가죽으로 제조됩니다. ,미니멀 레더 크로스백,"79,000 원","['//static.zara.net/photos///2020/V/1/1/p/6672/510/040/3/w/560/6672510040_1_1_1.jpg?ts=1581495592483', '//static.zara.net/photos///2020/V/1/1/p/6672/510/040/3/w/560/6672510040_2_1_1.jpg?ts=1581495647606', '//static.zara.net/photos///2020/V/1/1/p/6672/510/040/3/w/560/6672510040_2_2_1.jpg?ts=1581495642310', '//static.zara.net/photos///2020/V/1/1/p/6672/510/040/3/w/560/6672510040_2_3_1.jpg?ts=1581495661297', '//static.zara.net/photos///2020/V/1/1/p/6672/510/040/3/w/560/6672510040_2_4_1.jpg?ts=1581495651849', '//static.zara.net/photos///2020/V/1/1/p/6672/510/040/3/w/560/6672510040_2_15_1.jpg?ts=1581526894023', '//static.zara.net/photos///2020/V/1/1/p/6672/510/040/3/w/560/6672510040_2_16_1.jpg?ts=1581526866144', '//static.zara.net/photos///2020/V/1/1/p/6672/510/040/3/w/560/6672510040_2_17_1.jpg?ts=1581526866813', '//static.zara.net/photos///2018/V/M/1/p/1111/000/000/2/w/560/1111000000_2_97_1.jpg?ts=1570204599702']",['M '],블랙,"[{'겉감': '100% 양가죽'}, {'안감': '100% 폴리우레탄'}]","['세탁 금지', '표백제 사용 금지', '다리미질 금지', '드라이 클리닝 금지', '건조기 사용 금지']",//static.zara.net/photos///2020/V/1/1/p/6671/510/040/3/w/1173/6671510040_9_1_1.jpg?ts=1581535988758
49,블루와 블랙 컬러 중 선택이 가능한 가죽 크로스백. 전체 가죽 소재. 플랩 부분 골드 톤 메탈 디테일. 튜브 스타일 숄더 스트랩. 내부에 수납공간이 2개 있음. 자석이 달린 플랩으로 여밈. 세로 x 가로 x 폭: 12.5 x 17.5 x 8cmJOIN LIFE 컬렉션.Care for planet: 가장 지속 가능한 방법으로 처리된 가죽.이러한 제품은 재생 에너지와 물 소모를 감소하는 기술을 사용하는 Leather Working Group 인증을 받은 가죽으로 제조됩니다. ,미니멀 레더 크로스백,"79,000 원","['//static.zara.net/photos///2020/V/1/1/p/6671/510/009/3/w/560/6671510009_1_1_1.jpg?ts=1581498209648', '//static.zara.net/photos///2020/V/1/1/p/6671/510/009/3/w/560/6671510009_2_1_1.jpg?ts=1581499206737', '//static.zara.net/photos///2020/V/1/1/p/6671/510/009/3/w/560/6671510009_2_2_1.jpg?ts=1581499188233', '//static.zara.net/photos///2020/V/1/1/p/6671/510/009/3/w/560/6671510009_2_3_1.jpg?ts=1581499208973', '//static.zara.net/photos///2020/V/1/1/p/6671/510/009/3/w/560/6671510009_2_4_1.jpg?ts=1581499209492', '//static.zara.net/photos///2020/V/1/1/p/6671/510/009/3/w/560/6671510009_2_15_1.jpg?ts=1581527703965', '//static.zara.net/photos///2018/V/M/1/p/1111/000/000/2/w/560/1111000000_2_97_1.jpg?ts=1570204599702']",['M '],블루,"[{'겉감': '100% 양가죽'}, {'안감': '100% 폴리우레탄'}]","['세탁 금지', '표백제 사용 금지', '다리미질 금지', '드라이 클리닝 금지', '건조기 사용 금지']",//static.zara.net/photos///2020/V/1/1/p/6671/510/009/3/cb-0-0-4176-3072-Center/w/1173/6671510009_2_15_1.jpg?ts=1581528578519
50,블루 컬러의 멀티포지션 크로스백. 컬러가 배색된 파이핑 디테일 애니멀 프린트 디자인. 버클 디테일이 매치된 플랩. 튜브 마감 손잡이. 길이 조절과 탈부착이 가능한 숄더 스트랩. 조절 가능한 벨트백 벨트. 내부 안감 처리. 자석이 달린 플랩으로 여밈. 세로 x 가로 x 폭: 13.5 x 16 x 6cm,애니멀 프린트 버클 멀티포지션 크로스백,"39,000 원","['//static.zara.net/photos///2020/V/1/1/p/5632/510/009/2/w/560/5632510009_2_1_1.jpg?ts=1581434644883', '//static.zara.net/photos///2020/V/1/1/p/5632/510/009/2/w/560/5632510009_1_1_1.jpg?ts=1581943312784', '//static.zara.net/photos///2020/V/1/1/p/5632/510/009/2/w/560/5632510009_2_2_1.jpg?ts=1581434642781', '//static.zara.net/photos///2020/V/1/1/p/5632/510/009/2/w/560/5632510009_2_3_1.jpg?ts=1581434633705', '//static.zara.net/photos///2020/V/1/1/p/5632/510/009/2/w/560/5632510009_2_4_1.jpg?ts=1581434633304', '//static.zara.net/photos///2020/V/1/1/p/5632/510/009/2/w/560/5632510009_2_5_1.jpg?ts=1581434641595']",['M '],블루,"[{'겉감': '100% 폴리우레탄'}, {'안감': '100% 폴리에스터'}]","['세탁 금지', '표백제 사용 금지', '다리미질 금지', '드라이 클리닝 금지', '건조기 사용 금지']",//static.zara.net/photos///2020/V/1/1/p/5632/510/009/2/w/581/5632510009_1_1_1.jpg?ts=1581943312784
51,"블루, 베이지와 블랙 컬러 중 선택이 가능한 미니 시티백. 매듭이 달린 디자인. 톤온톤 스티치 디테일. 빈티지 골드 톤 금속 장식. 손잡이 디테일. 길이 조절과 탈부착이 가능한 숄더 스트랩. 금속 지퍼 여밈.  세로 x 가로 x 폭: 16.2 x 18.5 x 8cm",매듭 미니 시티백,"39,000 원","['//static.zara.net/photos///2020/V/1/1/p/6640/510/020/3/w/560/6640510020_2_1_1.jpg?ts=1575463218592', '//static.zara.net/photos///2020/V/1/1/p/6640/510/020/3/w/560/6640510020_1_1_1.jpg?ts=1575461618154', '//static.zara.net/photos///2020/V/1/1/p/6640/510/020/3/w/560/6640510020_2_2_1.jpg?ts=1575463220202', '//static.zara.net/photos///2020/V/1/1/p/6640/510/020/3/w/560/6640510020_2_3_1.jpg?ts=1575463216444', '//static.zara.net/photos///2020/V/1/1/p/6640/510/020/3/w/560/6640510020_2_4_1.jpg?ts=1575463683733', '//static.zara.net/photos///2020/V/1/1/p/6640/510/020/3/w/560/6640510020_2_5_1.jpg?ts=1575463226598', '//static.zara.net/photos///2020/V/1/1/p/6640/510/020/3/w/560/6640510020_2_16_1.jpg?ts=1578488096241']",['M '],레드,[{'겉감': '100% 폴리우레탄'}],"['세탁 금지', '표백제 사용 금지', '다리미질 금지', '드라이 클리닝 금지', '건조기 사용 금지']",//static.zara.net/photos///2020/V/1/1/p/6640/510/020/3/w/1173/6640510020_9_2_1.jpg?ts=1578494636563
52,"블루, 베이지와 블랙 컬러 중 선택이 가능한 미니 시티백. 매듭이 달린 디자인. 톤온톤 스티치 디테일. 빈티지 골드 톤 금속 장식. 손잡이 디테일. 길이 조절과 탈부착이 가능한 숄더 스트랩. 금속 지퍼 여밈.  세로 x 가로 x 폭: 16.2 x 18.5 x 8cm",매듭 미니 시티백,"39,000 원","['//static.zara.net/photos///2019/I/1/1/p/8613/515/040/2/w/560/8613515040_1_1_1.jpg?ts=1575290667673', '//static.zara.net/photos///2019/I/1/1/p/8613/515/040/2/w/560/8613515040_2_1_1.jpg?ts=1575291145782', '//static.zara.net/photos///2019/I/1/1/p/8613/515/040/2/w/560/8613515040_2_2_1.jpg?ts=1575290694782', '//static.zara.net/photos///2019/I/1/1/p/8613/515/040/2/w/560/8613515040_2_3_1.jpg?ts=1575290811534', '//static.zara.net/photos///2019/I/1/1/p/8613/515/040/2/w/560/8613515040_2_4_1.jpg?ts=1575290742817']",['M '],블랙,[{'겉감': '100% 폴리우레탄'}],"['세탁 금지', '표백제 사용 금지', '다리미질 금지', '드라이 클리닝 금지', '건조기 사용 금지']",//static.zara.net/photos///2019/I/1/1/p/8613/515/040/2/w/581/8613515040_1_1_1.jpg?ts=1575290667673
53,가넷 컬러 크로스백. 애니멀 패턴 디자인. 탈부착 가능한 애니멀 프린트 보조 지갑. 내부 안감. 지퍼 여밈. 탈부착 가능한 애니멀 프린트 마이크로 백. 내부 안감. 자석으로 여밈. 골드 톤의 메탈 장식. 탈부착 가능한 숄더 스트랩. 내부 안감 처리. 지퍼 여밈. 크로스백. 세로 x 가로 x 폭: 13.5 x 22 x 4cm지갑. 세로 x 가로 x 폭: 10.3 x 18.2 x 1cm마이크로 백. 세로 x 가로 x 폭: 5.7 x 7 x 3.3cm,애니멀 프린트 트리플 크로스백,"59,000 원","['//static.zara.net/photos///2020/V/1/1/p/6396/510/021/3/w/560/6396510021_2_1_1.jpg?ts=1579547040717', '//static.zara.net/photos///2020/V/1/1/p/6396/510/021/3/w/560/6396510021_1_1_1.jpg?ts=1579545931690', '//static.zara.net/photos///2020/V/1/1/p/6396/510/021/3/w/560/6396510021_2_2_1.jpg?ts=1579545924047', '//static.zara.net/photos///2020/V/1/1/p/6396/510/021/3/w/560/6396510021_2_3_1.jpg?ts=1579545917250', '//static.zara.net/photos///2020/V/1/1/p/6396/510/021/3/w/560/6396510021_2_4_1.jpg?ts=1579545931063', '//static.zara.net/photos///2020/V/1/1/p/6396/510/021/3/w/560/6396510021_2_5_1.jpg?ts=1579545923864']",['M '],석류,"[{'겉감': '100% 폴리우레탄'}, {'안감': '100% 폴리에스터'}]","['세탁 금지', '표백제 사용 금지', '다리미질 금지', '드라이 클리닝 금지', '건조기 사용 금지']",//static.zara.net/photos///2020/V/1/1/p/6396/510/021/3/w/1173/6396510021_9_1_1.jpg?ts=1579723390665
54,블랙과 레더 컬러 중 선택이 가능한 가죽 크로스백. 스웨이드 소재. 탈부착 가능한 2개의 숄더 스트랩이 있고 그중 더 넓은 1개의 스트랩에 비즈 디테일이 매치됨. 포켓이 달린 내부 안감. 자석이 달린 플랩으로 여밈. 세로 x 가로 x 폭: 12 x 21 x 4.5cm,비즈 스트랩 스웨이드 크로스백,"99,000 원","['//static.zara.net/photos///2020/V/1/1/p/6312/510/105/3/w/560/6312510105_2_1_1.jpg?ts=1579611543359', '//static.zara.net/photos///2020/V/1/1/p/6312/510/105/3/w/560/6312510105_1_1_1.jpg?ts=1579719529229', '//static.zara.net/photos///2020/V/1/1/p/6312/510/105/3/w/560/6312510105_2_2_1.jpg?ts=1579611528882', '//static.zara.net/photos///2020/V/1/1/p/6312/510/105/3/w/560/6312510105_2_3_1.jpg?ts=1579611491775', '//static.zara.net/photos///2020/V/1/1/p/6312/510/105/3/w/560/6312510105_2_4_1.jpg?ts=1579611492207', '//static.zara.net/photos///2020/V/1/1/p/6312/510/105/3/w/560/6312510105_2_5_1.jpg?ts=1579611522160', '//static.zara.net/photos///2020/V/1/1/p/6312/510/105/3/w/560/6312510105_2_15_1.jpg?ts=1579721789479']",['M '],천연 가죽 컬러,"[{'겉감': '가방 손잡이60% 폴리우레탄,40% 폴리에스터'}, {'안감': '주소재100% 소가죽'}, {'* 입체장식 제외': '긴 손잡이50% 폴리우레탄,50% 소가죽'}]","['세탁 금지', '표백제 사용 금지', '다리미질 금지', '드라이 클리닝 금지', '건조기 사용 금지']",//static.zara.net/photos///2020/V/1/1/p/6312/510/105/3/cb-0-0-4176-3072-Center/w/1173/6312510105_2_15_1.jpg?ts=1579723163264
55,블랙과 레더 컬러 중 선택이 가능한 가죽 크로스백. 스웨이드 소재. 탈부착 가능한 2개의 숄더 스트랩이 있고 그중 더 넓은 1개의 스트랩에 비즈 디테일이 매치됨. 포켓이 달린 내부 안감. 자석이 달린 플랩으로 여밈. 세로 x 가로 x 폭: 12 x 21 x 4.5cm,비즈 스트랩 스웨이드 크로스백,"99,000 원","['//static.zara.net/photos///2020/V/1/1/p/6307/510/040/2/w/560/6307510040_2_1_1.jpg?ts=1579767813637', '//static.zara.net/photos///2020/V/1/1/p/6307/510/040/2/w/560/6307510040_1_1_1.jpg?ts=1579767809383', '//static.zara.net/photos///2020/V/1/1/p/6307/510/040/2/w/560/6307510040_2_2_1.jpg?ts=1579767807812', '//static.zara.net/photos///2020/V/1/1/p/6307/510/040/2/w/560/6307510040_2_3_1.jpg?ts=1579767854050', '//static.zara.net/photos///2020/V/1/1/p/6307/510/040/2/w/560/6307510040_2_4_1.jpg?ts=1579767817169', '//static.zara.net/photos///2020/V/1/1/p/6307/510/040/2/w/560/6307510040_2_5_1.jpg?ts=1579767846749']",['M '],블랙,"[{'겉감': '가방 손잡이60% 폴리우레탄,40% 폴리에스터'}, {'안감': '주소재100% 소가죽'}, {'* 입체장식 제외': '긴 손잡이50% 폴리우레탄,50% 소가죽'}]","['세탁 금지', '표백제 사용 금지', '다리미질 금지', '드라이 클리닝 금지', '건조기 사용 금지']",//static.zara.net/photos///2020/V/1/1/p/6307/510/040/2/w/581/6307510040_1_1_1.jpg?ts=1579767809383
56,그린 컬러의 토트백. 나일론 소재. 스포티 장식으로 여미는 양 옆면 포켓. 손잡이 디테일. 탈부착 가능한 숄더 스트랩. 내부 안감 처리. 스포츠 스타일 드로스트링 여밈. 세로 x 가로 x 폭: 40.5 x 29.5 x 11cm,스포티 클래스프 나일론 토트백,"59,000 원","['//static.zara.net/photos///2020/V/1/1/p/6015/510/030/2/w/560/6015510030_2_1_1.jpg?ts=1579618236629', '//static.zara.net/photos///2020/V/1/1/p/6015/510/030/2/w/560/6015510030_1_1_1.jpg?ts=1579618223320', '//static.zara.net/photos///2020/V/1/1/p/6015/510/030/2/w/560/6015510030_2_2_1.jpg?ts=1579618229225', '//static.zara.net/photos///2020/V/1/1/p/6015/510/030/2/w/560/6015510030_2_3_1.jpg?ts=1579618223850', '//static.zara.net/photos///2020/V/1/1/p/6015/510/030/2/w/560/6015510030_2_4_1.jpg?ts=1579618233893', '//static.zara.net/photos///2020/V/1/1/p/6015/510/030/2/w/560/6015510030_2_5_1.jpg?ts=1579618235516']",['M '],그린,"[{'겉감': '주요소재100% 나일론'}, {'안감': '부소재100% 폴리에스터'}, {'충전재': ''}]","['세탁 금지', '표백제 사용 금지', '다리미질 금지', '드라이 클리닝 금지', '건조기 사용 금지']",//static.zara.net/photos///2020/V/1/1/p/6015/510/030/2/w/581/6015510030_1_1_1.jpg?ts=1579618223320
